"development","house_type","bedrooms","property_url","image_file","image_url","reason"
"Curbridge Meadows","The Stamford · Plot 111","5","https://www.crestnicholson.com/developments/hampshire/curbridge-meadows/homes/the-stamford/111","images/8fae266e534b08c737598149c251b6fa1b2dff2f3c86d93afb2acdf5dcd5e00b.jpg","https://www.crestnicholson.com/uploads/images/media/house-types/hero-images/29519-house-type-hero.jpg","This is a staged home office with a desk and no bed."
"Sketchley Gardens","The Windemere · Plot 186","5","https://www.crestnicholson.com/developments/warwickshire/sketchley-gardens/homes/the-windemere/186","images/395c7cc17b86afb54b758297a22e0cf76ff48436927e4e940f963567dd6b457b.png","https://www.crestnicholson.com/uploads/images/media/plots/plot-lead-images/30263-plot-lead.png","The room is staged as a home office with a desk and no bed."
"Lewin Park","The Windsor · Plot 160","5","https://www.crestnicholson.com/developments/bedfordshire/lewin-park/homes/the-windsor/160","images/07d06a37e924c56cd0105bd6a7931bcaf1d00799bafb4b3a18626d85e8c1981d.jpg","https://www.crestnicholson.com/uploads/images/media/house-types/hero-images/29657-house-type-hero.jpg","The room is staged as a home office with a desk and no bed."
"Crest Nicholson at Malabar","The Windsor V2 · Plot 68","5","https://www.crestnicholson.com/developments/northamptonshire/malabar/homes/the-windsor-v2/68","images/f6ab90b6e4ac7d9499daaaf2e4085e0c1df8562d9f1b4b12a2254df2bb0cd1a4.jpg","https://www.crestnicholson.com/uploads/images/media/house-types/hero-images/26131-house-type-hero.jpg","This room is staged as a home office with a desk and no bed."
"Crest Nicholson at Malabar","The Windsor V2 · Plot 68","5","https://www.crestnicholson.com/developments/northamptonshire/malabar/homes/the-windsor-v2/68","images/40d2db0258653c6f87611747537bd5e324bf54112d88732d66b9adb3058e6f05.jpg","https://www.crestnicholson.com/uploads/images/media/house-types/hero-images/26132-house-type-hero.jpg","The room is a home office with a desk and no bed."
"Copley Park","The Buckingham · Plot 40","5","https://www.crestnicholson.com/developments/south-yorkshire/copley-park/homes/the-buckingham-/40","images/26e524e680c25881341ef9e17a0b3cedb7d58436c38b739493828810b283e0dd.jpg","https://www.crestnicholson.com/uploads/images/media/plots/plot-lead-images/34662-plot-lead.jpg","The room is staged as a home office with a desk and no bed."
"Copley Park","The Winchester · Plot 25","5","https://www.crestnicholson.com/developments/south-yorkshire/copley-park/homes/the-winchester/25","images/f6ab90b6e4ac7d9499daaaf2e4085e0c1df8562d9f1b4b12a2254df2bb0cd1a4.jpg","https://www.crestnicholson.com/uploads/images/media/house-types/hero-images/26131-house-type-hero.jpg","This room is staged as a home office with a desk and no bed."
"Copley Park","The Winchester · Plot 25","5","https://www.crestnicholson.com/developments/south-yorkshire/copley-park/homes/the-winchester/25","images/40d2db0258653c6f87611747537bd5e324bf54112d88732d66b9adb3058e6f05.jpg","https://www.crestnicholson.com/uploads/images/media/house-types/hero-images/26132-house-type-hero.jpg","The room is a home office with a desk and no bed."
"Copley Park","The Winchester · Plot 23","5","https://www.crestnicholson.com/developments/south-yorkshire/copley-park/homes/the-winchester/23","images/f6ab90b6e4ac7d9499daaaf2e4085e0c1df8562d9f1b4b12a2254df2bb0cd1a4.jpg","https://www.crestnicholson.com/uploads/images/media/house-types/hero-images/26131-house-type-hero.jpg","This room is staged as a home office with a desk and no bed."
"Copley Park","The Winchester · Plot 23","5","https://www.crestnicholson.com/developments/south-yorkshire/copley-park/homes/the-winchester/23","images/40d2db0258653c6f87611747537bd5e324bf54112d88732d66b9adb3058e6f05.jpg","https://www.crestnicholson.com/uploads/images/media/house-types/hero-images/26132-house-type-hero.jpg","The room is a home office with a desk and no bed."
"Cygnet View","The Derby · Plot 42","5","https://www.crestnicholson.com/developments/east-riding-of-yorkshire/cygnet-view/homes/the-derby/42","images/395c7cc17b86afb54b758297a22e0cf76ff48436927e4e940f963567dd6b457b.png","https://www.crestnicholson.com/uploads/images/media/plots/plot-lead-images/30263-plot-lead.png","The room is staged as a home office with a desk and no bed."
"Cygnet View","The Derby · Plot 20","5","https://www.crestnicholson.com/developments/east-riding-of-yorkshire/cygnet-view/homes/the-derby/20","images/395c7cc17b86afb54b758297a22e0cf76ff48436927e4e940f963567dd6b457b.png","https://www.crestnicholson.com/uploads/images/media/plots/plot-lead-images/30263-plot-lead.png","The room is staged as a home office with a desk and no bed."
"Cygnet View","The Stratford · Plot 50","5","https://www.crestnicholson.com/developments/east-riding-of-yorkshire/cygnet-view/homes/the-stratford/50","images/1df9698ebb1f06e8439a81b315e337f374439698fccddec452e26dfa2266e987.jpg","https://www.crestnicholson.com/uploads/images/media/house-types/hero-images/34653-house-type-hero.jpg","The room is staged as a home office with a desk and no bed."
"Meadow Fields","The Winchester · Plot 16","5","https://www.crestnicholson.com/developments/north-yorkshire/meadow-fields/homes/the-winchester/16","images/b152d41facfcaf3b5c4d94d8aba639d339e954b032c99c0f194e51330dbe7cde.jpg","https://www.crestnicholson.com/uploads/images/media/house-types/hero-images/28917-house-type-hero.JPG","This is a dedicated home office space with a desk and no bed."
"Windsor Gate","The Stratford · Plot 6","5","https://www.crestnicholson.com/developments/berkshire/windsor-gate/homes/the-stratford/6","images/f12b187d17a4acfd207fd7d91054d91a3da6fd6becae24109869cf0a01cd82ed.jpg","https://www.crestnicholson.com/uploads/images/media/house-types/hero-images/28092-house-type-hero.jpg","The room is staged as a home office with a desk and no bed."
"Westcombe Park","The Walton · Plot 38","5","https://www.crestnicholson.com/developments/essex/westcombe-park/homes/the-walton/38","images/07d06a37e924c56cd0105bd6a7931bcaf1d00799bafb4b3a18626d85e8c1981d.jpg","https://www.crestnicholson.com/uploads/images/media/house-types/hero-images/29657-house-type-hero.jpg","The room is staged as a home office with a desk and no bed."
"Newlands Place","The Windsor · Plot 86","5","https://www.crestnicholson.com/developments/berkshire/newlands-place/homes/the-windsor/86","images/395c7cc17b86afb54b758297a22e0cf76ff48436927e4e940f963567dd6b457b.png","https://www.crestnicholson.com/uploads/images/media/plots/plot-lead-images/30263-plot-lead.png","The room is staged as a home office with a desk and no bed."