"development","house_type","bedrooms","price","url","plots","images","matched_images"
"Hackett Grange","The Cookridge · Plot 77","5","430000","https://www.avanthomes.co.uk/new-build-homes/nottinghamshire/radcliffe-on-trent/hackett-grange/homes/cookridge/077","77","0","0"
"Hackett Grange","The Cookridge · Plot 148","5","450000","https://www.avanthomes.co.uk/new-build-homes/nottinghamshire/radcliffe-on-trent/hackett-grange/homes/cookridge/148","148","0","0"
"Bennerley View","The Cookridge · Plot 10","5","395000","https://www.avanthomes.co.uk/new-build-homes/nottinghamshire/awsworth/bennerley-view/homes/cookridge/010","10","0","0"
"Bennerley View","The Thornton · Plot 5","5","435000","https://www.avanthomes.co.uk/new-build-homes/nottinghamshire/awsworth/bennerley-view/homes/thornton/005","5","1","1"
"Lawrence Point","The Cookridge · Plot 22","5","370000","https://www.avanthomes.co.uk/new-build-homes/nottinghamshire/eastwood/lawrence-point/homes/cookridge/022","22","0","0"
"Lawrence Point","The Thornton · Plot 48","5","420000","https://www.avanthomes.co.uk/new-build-homes/nottinghamshire/eastwood/lawrence-point/homes/thornton/048","48","1","1"
"Lawrence Point","The Thornton · Plot 36","5","425000","https://www.avanthomes.co.uk/new-build-homes/nottinghamshire/eastwood/lawrence-point/homes/thornton/036","36","0","0"
"Seely Fields","The Cookridge · Plot 130","5","370000","https://www.avanthomes.co.uk/new-build-homes/derbyshire/somercotes/birchwood-lane-somercotes/homes/cookridge/130","130","0","0"
"Seely Fields","The Bilbrough · Plot 129","5","410000","https://www.avanthomes.co.uk/new-build-homes/derbyshire/somercotes/birchwood-lane-somercotes/homes/bilbrough/129","129","0","0"
"Althamer View","The Nairn · Plot 309","5","397995","https://www.avanthomes.co.uk/new-build-homes/east-lothian/blindwells/althamer-view/homes/nairn/309","309","0","0"
"Althamer View","The Pitlochry · Plot 308","5","399995","https://www.avanthomes.co.uk/new-build-homes/east-lothian/blindwells/althamer-view/homes/pitlochry/308","308","0","0"
"Althamer View","The Rothesay · Plot 334","5","414995","https://www.avanthomes.co.uk/new-build-homes/east-lothian/blindwells/althamer-view/homes/rothesay/334","334","1","1"
"Althamer View","The Pitlochry · Plot 222","5","421995","https://www.avanthomes.co.uk/new-build-homes/east-lothian/blindwells/althamer-view/homes/pitlochry/222","222","1","1"
"Althamer View","The Rothesay · Plot 221","5","426995","https://www.avanthomes.co.uk/new-build-homes/east-lothian/blindwells/althamer-view/homes/rothesay/221","221","0","0"
"Darach Fields","The Stirling · Plot 89","5","434995","https://www.avanthomes.co.uk/new-build-homes/glasgow/robroyston/darach-fields/homes/stirling/089","89","0","0"
"Darach Fields","The Stirling · Plot 73","5","439995","https://www.avanthomes.co.uk/new-build-homes/glasgow/robroyston/darach-fields/homes/stirling/073","73","1","1"
"Darach Fields","The Thurso · Plot 97","5","516995","https://www.avanthomes.co.uk/new-build-homes/glasgow/robroyston/darach-fields/homes/thurso/097","97","1","1"
"Darach Fields","The Thurso · Plot 94","5","519995","https://www.avanthomes.co.uk/new-build-homes/glasgow/robroyston/darach-fields/homes/thurso/094","94","1","1"
"Darach Fields","The Uphall · Plot 96","5","544995","https://www.avanthomes.co.uk/new-build-homes/glasgow/robroyston/darach-fields/homes/uphall/096","96","0","0"
"Darach Fields","The Uphall · Plot 93","5","555995","https://www.avanthomes.co.uk/new-build-homes/glasgow/robroyston/darach-fields/homes/uphall/093","93","0","0"
"Honeyman Park","The Nairn · Plot 151","5","331995","https://www.avanthomes.co.uk/new-build-homes/bathgate/armadale/honeyman-park/homes/nairn/151","151","0","0"
"Honeyman Park","The Nairn · Plot 156","5","341995","https://www.avanthomes.co.uk/new-build-homes/bathgate/armadale/honeyman-park/homes/nairn/156","156","0","0"
"Thistle Meadows","The Nairn · Plot 87","5","359995","https://www.avanthomes.co.uk/new-build-homes/east-lothian/tranent/thistle-meadows/homes/nairn/087","87","1","1"
"Thistle Meadows","The Nairn · Plot 30","5","371995","https://www.avanthomes.co.uk/new-build-homes/east-lothian/tranent/thistle-meadows/homes/nairn/030","30","0","0"
"Thistle Meadows","The Rothesay · Plot 55","5","389995","https://www.avanthomes.co.uk/new-build-homes/east-lothian/tranent/thistle-meadows/homes/rothesay/055","55","1","1"
"Thistle Meadows","The Nairn · Plot 78","5","396995","https://www.avanthomes.co.uk/new-build-homes/east-lothian/tranent/thistle-meadows/homes/nairn/078","78","1","1"
"Thistle Meadows","The Rothesay · Plot 88","5","419995","https://www.avanthomes.co.uk/new-build-homes/east-lothian/tranent/thistle-meadows/homes/rothesay/088","88","1","1"
"Thistle Meadows","The Pitlochry · Plot 82","5","429995","https://www.avanthomes.co.uk/new-build-homes/east-lothian/tranent/thistle-meadows/homes/pitlochry/082","82","1","1"
"Thistle Meadows","The Stirling · Plot 84","5","434995","https://www.avanthomes.co.uk/new-build-homes/east-lothian/tranent/thistle-meadows/homes/stirling/084","84","0","0"
"Thistle Meadows","The Pitlochry · Plot 50","5","444995","https://www.avanthomes.co.uk/new-build-homes/east-lothian/tranent/thistle-meadows/homes/pitlochry/050","50","1","1"
"Thistle Meadows","The Stirling · Plot 65","5","458995","https://www.avanthomes.co.uk/new-build-homes/east-lothian/tranent/thistle-meadows/homes/stirling/065","65","0","0"
"Stewart's Quarter","The Rothesay · Plot 133","5","379995","https://www.avanthomes.co.uk/new-build-homes/fife/rosyth/stewarts-quarter/homes/rothesay/133","133","1","1"
"Stewart's Quarter","The Nairn · Plot 120","5","381995","https://www.avanthomes.co.uk/new-build-homes/fife/rosyth/stewarts-quarter/homes/nairn/120","120","0","0"
"Stewart's Quarter","The Nairn · Plot 64","5","383995","https://www.avanthomes.co.uk/new-build-homes/fife/rosyth/stewarts-quarter/homes/nairn/064","64","0","0"
"Stewart's Quarter","The Rothesay · Plot 122","5","396995","https://www.avanthomes.co.uk/new-build-homes/fife/rosyth/stewarts-quarter/homes/rothesay/122","122","0","0"
"Edmonstone Village","The Nairn · Plot 242","5","450995","https://www.avanthomes.co.uk/new-build-homes/edinburgh/edmonstone/edmonstone-village/homes/nairn/242","242","0","0"
"Edmonstone Village","The Nairn · Plot 240","5","451995","https://www.avanthomes.co.uk/new-build-homes/edinburgh/edmonstone/edmonstone-village/homes/nairn/240","240","0","0"
"Edmonstone Village","The Rothesay · Plot 243","5","473995","https://www.avanthomes.co.uk/new-build-homes/edinburgh/edmonstone/edmonstone-village/homes/rothesay/243","243","1","1"
"Edmonstone Village","The Rothesay · Plot 239","5","475995","https://www.avanthomes.co.uk/new-build-homes/edinburgh/edmonstone/edmonstone-village/homes/rothesay/239","239","0","0"
"Edmonstone Village","The Stirling · Plot 135","5","494995","https://www.avanthomes.co.uk/new-build-homes/edinburgh/edmonstone/edmonstone-village/homes/stirling/135","135","0","0"
"Edmonstone Village","The Stirling · Plot 74","5","499995","https://www.avanthomes.co.uk/new-build-homes/edinburgh/edmonstone/edmonstone-village/homes/stirling/074","74","0","0"
"Craigowl Law","The Stirling · Plot 14","5","329995","https://www.avanthomes.co.uk/new-build-homes/angus/dundee/craigowl-law/homes/stirling/014","14","0","0"
"Craigowl Law","The Stirling · Plot 25","5","354995","https://www.avanthomes.co.uk/new-build-homes/angus/dundee/craigowl-law/homes/stirling/025","25","0","0"
"Bishop's Quarter","The Appleton · Plot 1","5","525000","https://www.avanthomes.co.uk/new-build-homes/north-yorkshire/leeds/bishops-quarter/homes/appleton/001","1","1","1"
"Cadley Village","The Appleton · Plot 372","5","450000","https://www.avanthomes.co.uk/new-build-homes/derbyshire/swadlincote/cadley-village/homes/appleton/372","372","1","1"